{"cameraMode":{"drawMode":0,"name":"Shaded","section":"Shading Mode"},"sceneLighting":true,"audioPlay":false,"sceneViewState":{"showFog":true,"showMaterialUpdate":false,"showSkybox":true,"showFlares":true,"showImageEffects":true,"showParticleSystems":true},"in2DMode":false,"pivot":{"x":16.189434051513673,"y":6.761693954467773,"z":15.711833953857422},"rotation":{"x":-0.050684887915849689,"y":0.932781457901001,"z":-0.32609131932258608,"w":-0.14498507976531983},"size":10.0,"orthographic":false}