{"cameraMode":{"drawMode":0,"name":"Shaded","section":"Shading Mode"},"sceneLighting":true,"audioPlay":false,"sceneViewState":{"showFog":true,"showMaterialUpdate":false,"showSkybox":true,"showFlares":true,"showImageEffects":true,"showParticleSystems":true},"in2DMode":false,"pivot":{"x":12.31918716430664,"y":-7.019894599914551,"z":6.795007705688477},"rotation":{"x":-0.0012788608437404037,"y":0.9612728357315064,"z":-0.2756989300251007,"w":-0.004254629835486412},"size":35.871726989746097,"orthographic":false}