{"cameraMode":{"drawMode":0,"name":"Shaded","section":"Shading Mode"},"sceneLighting":true,"audioPlay":false,"sceneViewState":{"showFog":true,"showMaterialUpdate":false,"showSkybox":true,"showFlares":true,"showImageEffects":true,"showParticleSystems":true},"in2DMode":false,"pivot":{"x":4.43319034576416,"y":18.322296142578126,"z":4.043544769287109},"rotation":{"x":-0.2267206609249115,"y":-0.719192385673523,"z":0.27412158250808718,"w":-0.5972288846969605},"size":6.540767669677734,"orthographic":false}