{"cameraMode":{"drawMode":0,"name":"Shaded","section":"Shading Mode"},"sceneLighting":true,"audioPlay":false,"sceneViewState":{"showFog":true,"showMaterialUpdate":false,"showSkybox":true,"showFlares":true,"showImageEffects":true,"showParticleSystems":true},"in2DMode":false,"pivot":{"x":12.583953857421875,"y":-5.639965057373047,"z":5.333469390869141},"rotation":{"x":0.00468198349699378,"y":-0.9335941076278687,"z":0.3581480085849762,"w":0.011966658756136895},"size":31.027250289916993,"orthographic":false}