{"cameraMode":{"drawMode":0,"name":"Shaded","section":"Shading Mode"},"sceneLighting":true,"audioPlay":false,"sceneViewState":{"showFog":true,"showMaterialUpdate":false,"showSkybox":true,"showFlares":true,"showImageEffects":true,"showParticleSystems":true},"in2DMode":false,"pivot":{"x":15.909832000732422,"y":-2.233908176422119,"z":2.0367250442504885},"rotation":{"x":0.004654636140912771,"y":-0.9147441983222961,"z":0.4039098918437958,"w":0.010351461358368397},"size":49.19952392578125,"orthographic":false}