{"cameraMode":{"drawMode":0,"name":"Shaded","section":"Shading Mode"},"sceneLighting":true,"audioPlay":false,"sceneViewState":{"showFog":true,"showMaterialUpdate":false,"showSkybox":true,"showFlares":true,"showImageEffects":true,"showParticleSystems":true},"in2DMode":false,"pivot":{"x":6.912891864776611,"y":6.473278045654297,"z":27.005237579345704},"rotation":{"x":-0.043474890291690829,"y":-0.946532666683197,"z":0.2853562533855438,"w":-0.14422675967216493},"size":2.9242920875549318,"orthographic":false}